id,created_at,text
1511860553286881283,2022-04-07 00:16:59+00:00,"RT @CanteringClark: I mentioned this in December and January of this year, the theme this year is **It is going to be a tough year**

If yo‚Ä¶"
1507752132107280386,2022-03-26 16:11:35+00:00,"SOL looks strong here, first time in months we've been able to say that"
1507344610913366031,2022-03-25 13:12:15+00:00,"Supply dynamics have been bullish for months, we've just been waiting for and injection of spot demand

Now we have‚Ä¶ https://t.co/xalqQmc56p"
1503492013550940162,2022-03-14 22:03:24+00:00,"Someone bought @TomBrady last TD ball for $500k, only for him to un-retire the next day 

Talk about an all-time rug pull from the üêê"
1502755063806189570,2022-03-12 21:15:01+00:00,"Funding has sustained negative since Thursday, coincident with the large short buildup from 40.5k to 39k 

Barring‚Ä¶ https://t.co/mlfI5Yybw1"
1496226925731360772,2022-02-22 20:54:32+00:00,All things considered BTC holding up quite well despite stocks sluggish performance into the  close
1494086862536941569,2022-02-16 23:10:41+00:00,RT @DeanEigenmann: wealth accumulation is the most fun strategy game
1494026424616984580,2022-02-16 19:10:31+00:00,"""On average, respondents to the Desk surveys assigned a roughly 70 percent probability to an increase in the target‚Ä¶ https://t.co/TeZSKR4dDr"
1491474904696373249,2022-02-09 18:11:42+00:00,"Great piece by @MrBenLilly breaking down market trends by Fed hiking/cutting cycles 

Provides good context in asse‚Ä¶ https://t.co/7UQwxNlryT"
1491075931640938498,2022-02-08 15:46:19+00:00,"ATM IV currently priced around 61%; lower end of recent range

Low Long/Short ratio increases chance of short squee‚Ä¶ https://t.co/1e7Sghk8SR"
1490768788895277056,2022-02-07 19:25:51+00:00,RT @MI_Algos: The Green class stopped TWAPing #BTC just as the breakout move began prior to the Weekly close yesterday. Precisely the same‚Ä¶
1488924689162461190,2022-02-02 17:18:03+00:00,Nice when it works out this cleanly https://t.co/ADyxXAv3vc https://t.co/lND30YdXGy
1488887181842264072,2022-02-02 14:49:00+00:00,"Levered longs exiting their positions here

Would expect to find some support in low 37s where the bulk of the leve‚Ä¶ https://t.co/4fgOqLKHaZ"
1488872384165728266,2022-02-02 13:50:12+00:00,"Big miss in ADP Jobs data: -300k vs. +200k estimate

Expecting Fed officials to dial back their hawkish tone betwee‚Ä¶ https://t.co/xAIRfvUNOj"
1488624870506352646,2022-02-01 21:26:41+00:00,"If BTC can hold up here against range highs, I think AVAX is well positioned for a short-term breakout"
1486825177245696008,2022-01-27 22:15:20+00:00,LUNA is being shown discipline
1486810153739599872,2022-01-27 21:15:38+00:00,"Margin Debt YoY change has started to retrace 

Equities margin traders are starting to close their levered longs‚Ä¶ https://t.co/LD7SZXSHjW"
1486430412259971076,2022-01-26 20:06:41+00:00,"RT @MrBenLilly: If the current narrative around bitcoin is that it tracks similarly to Nasdaq, this is an interesting chart. 

Eurodollars‚Ä¶"
1486355314161160196,2022-01-26 15:08:16+00:00,"Layer-0/Layer-1/Layer-2 butterfly structure 

Short Layer-1s in the belly 

I like this positioning for 2022"
1485702009944784898,2022-01-24 19:52:16+00:00,"2Y Note Auction was extremely well-sponsored 

Strong participation from indirect bidders in particular

Bond marke‚Ä¶ https://t.co/m0rMsuT3Xz"
1483244824019218434,2022-01-18 01:08:18+00:00,"Gf just put a glass of water on window sill to capture the ‚Äúenergy of the full moon‚Äù 

Plans on drinking it in the morning 

Please help"
1480636904722812930,2022-01-10 20:25:21+00:00,"RT @Kevin_Kelly_II: 0/ Breaking down my latest #Bitcoin report for @Delphi_Digital üëá

TLDR; $BTC needs another major catalyst to regain mom‚Ä¶"
1479164141109747717,2022-01-06 18:53:07+00:00,"RT @lisaabramowicz1: Real yields keep creeping higher. The inflation-adjusted rate on 5-year Treasuries is now negative 1.46%, which is the‚Ä¶"
1479110657072975872,2022-01-06 15:20:35+00:00,"Tapering....easing off the gas 

Raising Rates....applying the brakes 

Balance Sheet Unwind....throwing it in reverse"
1478880341569982464,2022-01-06 00:05:24+00:00,"RT @CanteringClark: Interest rates, alright.

Balance sheet unwind, yikes hold on to your helmets."
1478841544736223232,2022-01-05 21:31:14+00:00,"Very well laid-out description of the Fed's most recent balance sheet reduction in 2018, and what it meant for the‚Ä¶ https://t.co/0f09iA8dB0"
1477761841711431683,2022-01-02 22:00:53+00:00,"Supply dynamics are bullish, just waiting on a demand catalyst 

Most likely catalyst is influx of buying from inst‚Ä¶ https://t.co/XR7EhyKypU"
1474075501325131784,2021-12-23 17:52:41+00:00,"50k-54k likely to be a swift move; only 3.37% of supply has a cost basis established in this range 

54k-63k likely‚Ä¶ https://t.co/hEQKu8wxCP"
1473335594214375424,2021-12-21 16:52:33+00:00,"@BigBoyScoops @tradinglite Sure, a break to the downside would lead to longs covering. That level further from curr‚Ä¶ https://t.co/gjIBvXzGpk"
1473328735310995467,2021-12-21 16:25:18+00:00,"OI is rising rapidly while price remains range bound 

Lots of potential energy in the system 

Expecting a breakou‚Ä¶ https://t.co/Uso8lLVjbm"
1472959629525229574,2021-12-20 15:58:36+00:00,RT @MrBenLilly: The market‚Äôs confidence in terms of when the FED‚Äôs attempt to raise rates will fail - is moving up in terms of time. Said a‚Ä¶
1472294682520662017,2021-12-18 19:56:20+00:00,Good thread discussing the seasonal flows from  institutional funds https://t.co/WhmdO0f6AD
1469463267072487428,2021-12-11 00:25:18+00:00,@DegenDildo https://t.co/oT6xUIot72
1469388327224811523,2021-12-10 19:27:31+00:00,"Fed tapering and rate hikes will slow growth, but alone are unlikely to reverse it 

A reduction in the balance she‚Ä¶ https://t.co/S2EGKr6Gfc"
1469388325077372935,2021-12-10 19:27:31+00:00,"When the Fed left it's balance sheet unchanged (2), crypto recovered from its first bear market and began another l‚Ä¶ https://t.co/b0gO8FgnlN"
1469388320098635776,2021-12-10 19:27:30+00:00,"The Fed has reduced (unwound) its balance sheet once in the past 10 years 

This period, Dec 2018 - Jun 2019 (3), c‚Ä¶ https://t.co/E80Pyx9sce"
1469388315455537156,2021-12-10 19:27:28+00:00,"Since the inception of crypto, there have been two periods of major balance sheet expansion 

The first was Dec 201‚Ä¶ https://t.co/rwIzLBXgyw"
1469388309235482631,2021-12-10 19:27:27+00:00,"The Fed's Balance Sheet is simply the assets and liabilities held by the Fed 

It serves as a proxy for the pace of‚Ä¶ https://t.co/yIiZ8MG7yp"
1469388307234701320,2021-12-10 19:27:27+00:00,"A lot of discussion on Fed tapering and rate hikes 

Here is a quick thread on what I believe is the primary driver‚Ä¶ https://t.co/7mhNqGxp5a"
1469018080781254657,2021-12-09 18:56:18+00:00,"With more institutional money in the space, I think we could see year-end sell-offs more regularly, especially afte‚Ä¶ https://t.co/xu9nyQv44b"
1468623848333623296,2021-12-08 16:49:45+00:00,"As funding rates hover around 0%, potential liquidation delta are now close to zero 

No obvious pockets of leverag‚Ä¶ https://t.co/DAvLARuVi8"
1468252169044467723,2021-12-07 16:12:50+00:00,"ETH Monthly Net Issuance continues to decline since EIP-1559

While this is promising for ETH as an investment, L2‚Ä¶ https://t.co/O7A3ufNDb0"
1467184592075563019,2021-12-04 17:30:40+00:00,"To summarize. 

Heavy selling from entities who were caught offsides in April/May. 

Coupled with virus and macro u‚Ä¶ https://t.co/m58NM2BlzA"
1467184512958451713,2021-12-04 17:30:21+00:00,"The selling remained concentrated within 100-1000 BTC entities.

Larger whales continued to buy as they were not bu‚Ä¶ https://t.co/oi3lnmjsuU"
1467183678749122566,2021-12-04 17:27:02+00:00,"This sell-off was likely deeper and more aggressive than the previous two because of looming omicron uncertainty, a‚Ä¶ https://t.co/0Crn07LGk1"
1467183676651884545,2021-12-04 17:27:02+00:00,"Over the past few weeks, these entities have increased their selling once again. 

As BTC reached new ATH, these en‚Ä¶ https://t.co/mWdqSwvEYe"
1467183671253819402,2021-12-04 17:27:00+00:00,"These entities were among the largest buyers in April/May and have been largely offsides since then. 

Some capitul‚Ä¶ https://t.co/BOiMtUw1vK"
1467183666673721350,2021-12-04 17:26:59+00:00,"Trying to make sense of what happened over the past few days/weeks? 

Here is my attempt. 

This chart shows the re‚Ä¶ https://t.co/K5jfJaNFAv"
1466079863463452678,2021-12-01 16:20:52+00:00,Which L2's do you think are most promising/under-valued?
1463555898027261955,2021-11-24 17:11:32+00:00,"On-chain activity remain firmly bullish and suggests we are in late-bear/early-bull phase 

A strengthening US doll‚Ä¶ https://t.co/A9zd2IJaND"
1461910312748261380,2021-11-20 04:12:34+00:00,Been hearing a lot of chatter on how play-to-earn and metaverse tokens will decouple from other crypto assets in te‚Ä¶ https://t.co/E0EQ8AWBkA
1461013463694811137,2021-11-17 16:48:48+00:00,"Another large short build up forming 

Max pain range this time around looks to be between ~61.5k and ~63.5k 

63.5‚Ä¶ https://t.co/7S4As1zbMl"
1459980639537610757,2021-11-14 20:24:44+00:00,"Great thread on a scaling solution that I am particularly excited about, $METIS 

Worth reading if you are interest‚Ä¶ https://t.co/fsNn6fialK"
1459979138220146690,2021-11-14 20:18:46+00:00,"Seeing a sizable short build up here following Wednesday's sharp sell-off

Max pain range begins around 65.2k up to‚Ä¶ https://t.co/S6dIB1jlId"
1458157718129238021,2021-11-09 19:41:05+00:00,"My takeaway's from Glassnode's On-Chain Update 

1. Very few coins held by LTH have been sold into recent market st‚Ä¶ https://t.co/uowVtpiZxJ"
1455916964795371523,2021-11-03 15:17:08+00:00,"It ended up being an order retrace, not a ""cascade"" 

Still a ~2% correction from the mentioned 62.9k level

Most l‚Ä¶ https://t.co/iqRevVmFdX"
1455554275468271624,2021-11-02 15:15:56+00:00,"Nearly $4bn worth of levered longs added this morning on Binance 

Price seems steady here, but break below ~62.9k‚Ä¶ https://t.co/ukM2UEwSss"
1453742962618339333,2021-10-28 15:18:26+00:00,"STH Supply Percentage is now plateauing at the 20% level 

We are seeing LTH begin to distribute their BTC to STH‚Ä¶ https://t.co/y1Wxmicqtx"
1453169419644018688,2021-10-27 01:19:22+00:00,"ATOM/BTC looks like it might be stalling out here, up ~12.5%  

MATIC/BTC hasn‚Äôt done much 

1/2 I guess https://t.co/OnFXv9DWgk"
1452972537160343552,2021-10-26 12:17:02+00:00,"$MATIC and $ATOM looking strong here

Think they leg higher vs. $BTC over the next few sessions"
1452711266083016709,2021-10-25 18:58:50+00:00,"Looking at 64.2k as potential short squeeze level 

Cluster of short liquidations between there and 66k with little‚Ä¶ https://t.co/8B8fAT1F3N"
1451959409836503049,2021-10-23 17:11:14+00:00,"DOT/BTC up 4.20% 
LINK/BTC up 10.25% 
MATIC/BTC up 10.31% https://t.co/UX6tucz1eZ https://t.co/uaLa1MmRvy"
1451401357869686785,2021-10-22 04:13:44+00:00,"With BTC ETF in the rearview, other top 20 coins look primed to catch up 

I like holding tactical longs of DOT, LINK, and MATIC vs BTC here"
1450844801444765701,2021-10-20 15:22:10+00:00,"Sometimes its good to be wrong

Exchanges saw net outflows yesterday, indicating that the brief period of inflows m‚Ä¶ https://t.co/Q888WvpTxD"
1450122945767125005,2021-10-18 15:33:46+00:00,"First the first time in 6 weeks, exchanges have experienced net inflows

This might be a sign that accumulated coin‚Ä¶ https://t.co/pmXJOXPsIf"
1448278217844985859,2021-10-13 13:23:29+00:00,"More BTC futures are now margined with stablecoins than margined with crypto

As this trend continues we will see l‚Ä¶ https://t.co/SivPCJFAT4"
1446477576579518468,2021-10-08 14:08:23+00:00,"STH % of Supply dipped blow 20% yesterday 

With less liquid BTC to go around, price is now more sensitive to spike‚Ä¶ https://t.co/jxys2ZUt2A"
1445740727393161223,2021-10-06 13:20:24+00:00,BTC is now up ~9.0% over the past 17 hours https://t.co/sMrqZhxxIJ https://t.co/CnAk2DN24x
1445391296085037072,2021-10-05 14:11:53+00:00,"A break above 51k may see quick, jumpy price action up to 54k

51k-54k is a low volume range where little cost basi‚Ä¶ https://t.co/lZuTDxmyQj"
1443354959437783042,2021-09-29 23:20:13+00:00,"41k has been iron-clad so far 

Holding up like a prized fighter this week, how many more rounds can it take?"
1442492912567152645,2021-09-27 14:14:45+00:00,"@Beber03444025 ahh yeah forgot to include that one, top 1 imo"
1442490500804718592,2021-09-27 14:05:10+00:00,"Which data sources or APIs for markets and DeFi do you use most often? 

Other than Glassnode, Dune, Skew, DeFi Pul‚Ä¶ https://t.co/cWVnvipXbc"
1440313728893800462,2021-09-21 13:55:27+00:00,Seems that yesterday's sell-off was driven by STH who were caught offsides after longing the $47k-$48k range last w‚Ä¶ https://t.co/d45SNUOazr
1440118649445130240,2021-09-21 01:00:16+00:00,Liquidity is always at its least when you need it the most
1438846246807015425,2021-09-17 12:44:12+00:00,"Short-Term Put/Call Skews have flipped bearish since last week's liquidation 

Long term skews remain bullish as op‚Ä¶ https://t.co/AmZnhUsYIb"
1437514673931313163,2021-09-13 20:33:00+00:00,"@TeddyRoosevalt Glassnode, skew, dune analytics"
1437513452327690242,2021-09-13 20:28:09+00:00,@TeddyRoosevalt yeah the ratio just shows the relative interest in puts vs calls. Very broadly it can be used as po‚Ä¶ https://t.co/rtpwYif4JJ
1437510583746764802,2021-09-13 20:16:45+00:00,"Now that last week's dust has settled, here is what I'm watching to help forecast next breakout move 

1. ATM short‚Ä¶ https://t.co/vGumS7PYnD"
1435399328995102720,2021-09-08 00:27:23+00:00,"The increase in stablecoin-margined futures leads to more orderly/stable liquidation cascades 

We saw that today‚Ä¶ https://t.co/zK9FN4SkTD"
1435271249001951232,2021-09-07 15:58:26+00:00,"Well it was definitely something to keep an eye on 

$2.1bn in liquidations in the past hour alone https://t.co/JS50Z4CfVx"
1435252906773581828,2021-09-07 14:45:33+00:00,"Early signs of risk-on sentiment are emerging 

ETH Futures OI at ATH, BTC OI near ATH, BTC Futures basis at 13%

N‚Ä¶ https://t.co/HJCXifv6yz"
1434623571880513537,2021-09-05 21:04:48+00:00,"What a wick up that was! 

Market is now firmly in a range where little cost basis has been established 

I'm expec‚Ä¶ https://t.co/nP81wEMz3O"
1433464058011963392,2021-09-02 16:17:18+00:00,"LUNA has been lagging here, think it is primed for another leg up in this broader bull move"
1433455962946473987,2021-09-02 15:45:08+00:00,"Breaking above 51k puts us in a zone where little cost basis has been established

A run up from 51k to 56k could b‚Ä¶ https://t.co/MjlwZrPnr0"
1433059234556563460,2021-09-01 13:28:41+00:00,"EIP 1559 transactions now account for 50% of all Ethereum transactions

Since upgrade, 40% of all ETH issuance has‚Ä¶ https://t.co/stgf1nqxet"
1432756984751837195,2021-08-31 17:27:39+00:00,@BitcoinRhodan Source: @glassnode https://t.co/FwIA0zvX6v
1432756553099227136,2021-08-31 17:25:56+00:00,"STH Supply Percentage broke below 23% today

Historically, 19%-20% has been the floor and resulted in supply squeezes, sending prices upward"
1432441249861095424,2021-08-30 20:33:02+00:00,"RT @DylanLeClair_: 48k in February:
- GBTC Premium (Grayscale buying)
- Long term holders (LTHs) selling
- Mkt leveraged long BTC w/ BTC
-‚Ä¶"
1432425007519567883,2021-08-30 19:28:29+00:00,I've said it before and I'll say it again https://t.co/2vyFHDHPiJ
1432369644007006211,2021-08-30 15:48:29+00:00,"$BTC Holder Net Position Change just reached 70.4k, highest since May 2020

Another data point supporting the LTH a‚Ä¶ https://t.co/ZRBo6YzcEz"
1431792471982415876,2021-08-29 01:35:01+00:00,"@JayJY007 Coin days destroyed. It measures the volume of coins moved on chain, multiplied by the number of days sin‚Ä¶ https://t.co/iTf3ny1szJ"
1431787690777882625,2021-08-29 01:16:01+00:00,"I think its important to keep a balanced market outlook 

While I still lean bullish, here are three bearish signs‚Ä¶ https://t.co/TUhIlztzGf"
1431273585008594946,2021-08-27 15:13:09+00:00,"@cryptobrucey I would think so. OpenSea currently the largest consumer of gas on Ethereum, therefore causing the mo‚Ä¶ https://t.co/Wlae1s12WM"
1431239634214965252,2021-08-27 12:58:14+00:00,"$ETH supply inflation lower than $BTC 

ETH Annualized Net Issuance: 1.1%
BTC Annualized Net Issuance: 1.75%

Since‚Ä¶ https://t.co/9TZMPTgSuI"
1431025984552194051,2021-08-26 22:49:16+00:00,"BTC options skew showing short-term bearish signs

1-week skew favoring puts over calls, 1-month is neutral 

3-mon‚Ä¶ https://t.co/8Qo3rdgYTQ"
1430876645469085701,2021-08-26 12:55:51+00:00,@Game0fTrading Pulled this data from @skewdotcom
1430875147033059342,2021-08-26 12:49:54+00:00,"$2bn of BTC options set to expire tomorrow with max pain point currently at ~44k

If we break the 200d MA of 46k, w‚Ä¶ https://t.co/PmPqCYpEwm"
1430312445290164226,2021-08-24 23:33:55+00:00,"RT @DylanLeClair_: HODLing Visualized. 

70.97% of the $BTC supply has not moved in 6+ months. 

53.92% haven't moved in over one year. #HO‚Ä¶"
1430250819593637891,2021-08-24 19:29:02+00:00,"Higher interoperability between blockchains and more integration of ""real-world"" data feels inevitable

Bridges and‚Ä¶ https://t.co/1liY74wNMA"
1429879486359687177,2021-08-23 18:53:30+00:00,"Long Term Holder Supply now stands at an ATH of 12.71M BTC

67.6% of the circulating supply is now held by long ter‚Ä¶ https://t.co/zXsJakzBYt"
1428424910041403396,2021-08-19 18:33:32+00:00,"After taking a backseat to ETH and SOL over the past few weeks, BTC seems ready to reclaim some dominance here"
1428092819462402050,2021-08-18 20:33:55+00:00,"Ethereum Percent Balance on Exchanges continue to trend downward as market stakes, hoards, or deploys into DeFi

So‚Ä¶ https://t.co/i9yj9obqbQ"
1427639469553946634,2021-08-17 14:32:28+00:00,Natural retrace in the midst of a broader bull run during Q3 and Q4 https://t.co/ayuXevfpm7
1427425299554242564,2021-08-17 00:21:26+00:00,"@Caldawg5 yes, got squeezed by the character count"
1427424894539730949,2021-08-17 00:19:49+00:00,"Even if we retrace a bit of the rally here, I remain bullish for the following reasons 

1. Funding rates remain lo‚Ä¶ https://t.co/DLQj4rYnU3"
1427091273891074054,2021-08-16 02:14:08+00:00,"Solana ecosystem on an absolute tear, are people just realizing that faster and cheaper is almost always better?"
1426949878698151941,2021-08-15 16:52:17+00:00,RT @WClementeIII: Miners have been accumulating BTC for over 5 weeks now https://t.co/Ywv5pvKKUu
1426262317344468998,2021-08-13 19:20:09+00:00,"BTC is to Google as ETH is to Apple 

Both are useful, important, and successful 

One of them intro'd everyone to‚Ä¶ https://t.co/e6I3ac5n0r"
1426234536808128512,2021-08-13 17:29:46+00:00,"Hut 8, Hive, and Bitmain are increasing investment in Ethereum mining machines/hardware

With PoS looming, this sug‚Ä¶ https://t.co/tWW6U2d4Zm"
1426014890364489728,2021-08-13 02:56:58+00:00,"RT @glassnode: #Bitcoin has continued to flow out of exchanges in August at a rate between 75k and 100k per month.

This magnitude of outfl‚Ä¶"
1425819621010022404,2021-08-12 14:01:02+00:00,"@YourCoinsSuck Last I saw, ~35% of the ETH mined since the upgrade has been burned"
1425813858816380930,2021-08-12 13:38:08+00:00,"EIP 1559 transactions only accounting for 10-15% of all Ethereum transactions

As this rate grows we will see a ste‚Ä¶ https://t.co/Et47U12k94"
1425505948874022912,2021-08-11 17:14:37+00:00,"Exchange outflows starting to look very similar to those in April and September of last year 

In the past, periods‚Ä¶ https://t.co/zrZ6uAoRP3"
1424808118228246532,2021-08-09 19:01:41+00:00,"Supply squeeze in the making? 

STH Supply Percentage continues to trend downward as long term holders are seizing‚Ä¶ https://t.co/fudzqcIl9j"
1424521753431318528,2021-08-09 00:03:47+00:00,@Farfie0 @cryptictrader90 Just noting that this rally is likely to be more stable and steady due to inflows from lo‚Ä¶ https://t.co/Q1F0TbXmgk
1424457339449577473,2021-08-08 19:47:49+00:00,"BTC has rallied ~45% in last three weeks with funding rates around 2.5% APY 

BTC rallied ~70% during the first thr‚Ä¶ https://t.co/KhnBhyXf07"
1424181934100463621,2021-08-08 01:33:27+00:00,"Long-term holder spent output remains low, while short term holder spent output is trending higher, implying long-t‚Ä¶ https://t.co/cudjdXuJUN"
1423680383036665861,2021-08-06 16:20:28+00:00,"Funding rate has now been positive for over a week, following an extended period of negative rates. 

Previously, t‚Ä¶ https://t.co/nJ1cKYtF2P"
1423070833208143872,2021-08-04 23:58:20+00:00,"Since the sell-off in May, local tops in the current range have been marked by a spike in stablecoin deposit rates‚Ä¶ https://t.co/k7HukS4BN9"
1423049599107862529,2021-08-04 22:33:58+00:00,"@BasedXeno Aavescan seems to be the best bet. It goes back 3 months, which is probably enought. Going back any furt‚Ä¶ https://t.co/YpTtimQLqw"
1423028774447239171,2021-08-04 21:11:13+00:00,Does anyone know where to access historical deposit APY from Aave beyond the six week look-back they they provide?
1422941628516519937,2021-08-04 15:24:55+00:00,"Decent short interest has built up between 39k-40k over the past few days, evident by the steady incline in OI 

To‚Ä¶ https://t.co/fllPrpP2MX"
1422726810975051788,2021-08-04 01:11:19+00:00,"BTC futures basis rose to over 10% following last week's rally, leaving the market in a levered long position

This‚Ä¶ https://t.co/psdtpQ6680"
1422210955233140742,2021-08-02 15:01:29+00:00,"BTC Illiquid Supply steadily climbed throughout July, now back to May 2021 levels 

This usually reflects strong in‚Ä¶ https://t.co/IIF5pVWaTA"
1421207150345523203,2021-07-30 20:32:44+00:00,"We are now at the edge of the high volume zone over last 5 sessions, approaching 41k resistance level  

Should we‚Ä¶ https://t.co/62m4kCnMeO"
1420796864211918852,2021-07-29 17:22:24+00:00,"Market has seen a few rejections at or near 41k 

Daily DEX volumes and lending rates remain low, citing a lack of‚Ä¶ https://t.co/oimA6QKWQS"
1420464756662538247,2021-07-28 19:22:43+00:00,"Should we break above the 41k resistance, we might see jumpy price action to the upside with little on-chain cost b‚Ä¶ https://t.co/cVAFo3LDpt"
